{
  "StorageContext": "llama_index.core",
  "ComposableGraph": "llama_index.core",
  "# indicesSummaryIndex": "llama_index.core",
  "VectorStoreIndex": "llama_index.core",
  "SimpleKeywordTableIndex": "llama_index.core",
  "KeywordTableIndex": "llama_index.core",
  "RAKEKeywordTableIndex": "llama_index.core",
  "TreeIndex": "llama_index.core",
  "DocumentSummaryIndex": "llama_index.core",
  "KnowledgeGraphIndex": "llama_index.core",
  "PropertyGraphIndex": "llama_index.core",
  "# indices - legacy namesGPTKeywordTableIndex": "llama_index.core",
  "GPTKnowledgeGraphIndex": "llama_index.core",
  "GPTSimpleKeywordTableIndex": "llama_index.core",
  "GPTRAKEKeywordTableIndex": "llama_index.core",
  "GPTListIndex": "llama_index.core",
  "ListIndex": "llama_index.core",
  "GPTTreeIndex": "llama_index.core",
  "GPTVectorStoreIndex": "llama_index.core",
  "GPTDocumentSummaryIndex": "llama_index.core",
  "Prompt": "llama_index.core",
  "PromptTemplate": "llama_index.core",
  "BasePromptTemplate": "llama_index.core",
  "ChatPromptTemplate": "llama_index.core",
  "SelectorPromptTemplate": "llama_index.core",
  "SummaryPrompt": "llama_index.core",
  "TreeInsertPrompt": "llama_index.core",
  "TreeSelectPrompt": "llama_index.core",
  "TreeSelectMultiplePrompt": "llama_index.core",
  "RefinePrompt": "llama_index.core",
  "QuestionAnswerPrompt": "llama_index.core",
  "KeywordExtractPrompt": "llama_index.core",
  "QueryKeywordExtractPrompt": "llama_index.core",
  "Response": "llama_index.core",
  "Document": "llama_index.core",
  "SimpleDirectoryReader": "llama_index.core",
  "VellumPredictor": "llama_index.core",
  "VellumPromptRegistry": "llama_index.core",
  "MockEmbedding": "llama_index.core",
  "SQLDatabase": "llama_index.core",
  "SQLDocumentContextBuilder": "llama_index.core",
  "SQLContextBuilder": "llama_index.core",
  "PromptHelper": "llama_index.core",
  "IndexStructType": "llama_index.core",
  "download_loader": "llama_index.core",
  "load_graph_from_storage": "llama_index.core",
  "load_index_from_storage": "llama_index.core",
  "load_indices_from_storage": "llama_index.core",
  "QueryBundle": "llama_index.core",
  "get_response_synthesizer": "llama_index.core",
  "set_global_handler": "llama_index.core",
  "set_global_tokenizer": "llama_index.core",
  "get_tokenizer": "llama_index.core",
  "Settings": "llama_index.core",
  "AgentRunner": "llama_index.core.agent",
  "StructuredPlannerAgent": "llama_index.core.agent",
  "ParallelAgentRunner": "llama_index.core.agent",
  "ReActAgentWorker": "llama_index.core.agent",
  "ReActAgent": "llama_index.core.agent",
  "ReActOutputParser": "llama_index.core.agent",
  "CustomSimpleAgentWorker": "llama_index.core.agent",
  "QueryPipelineAgentWorker": "llama_index.core.agent",
  "ReActChatFormatter": "llama_index.core.agent",
  "FunctionCallingAgentWorker": "llama_index.core.agent",
  "FnAgentWorker": "llama_index.core.agent",
  "# betaMultimodalReActAgentWorker": "llama_index.core.agent",
  "# schema-relatedAgentChatResponse": "llama_index.core.agent",
  "Task": "llama_index.core.agent",
  "TaskStep": "llama_index.core.agent",
  "TaskStepOutput": "llama_index.core.agent",
  "CallbackManager": "llama_index.core.callbacks",
  "CBEvent": "llama_index.core.callbacks",
  "CBEventType": "llama_index.core.callbacks",
  "EventPayload": "llama_index.core.callbacks",
  "LlamaDebugHandler": "llama_index.core.callbacks",
  "TokenCountingHandler": "llama_index.core.callbacks",
  "trace_method": "llama_index.core.callbacks",
  "PythonicallyPrintingBaseHandler": "llama_index.core.callbacks",
  "SimpleChatEngine": "llama_index.core.chat_engine",
  "CondenseQuestionChatEngine": "llama_index.core.chat_engine",
  "ContextChatEngine": "llama_index.core.chat_engine",
  "CondensePlusContextChatEngine": "llama_index.core.chat_engine",
  "QASummaryQueryEngineBuilder": "llama_index.core.composability",
  "IndexGraph": "llama_index.core.data_structs",
  "KeywordTable": "llama_index.core.data_structs",
  "IndexList": "llama_index.core.data_structs",
  "IndexLPG": "llama_index.core.data_structs",
  "IndexDict": "llama_index.core.data_structs",
  "StructDatapoint": "llama_index.core.data_structs",
  "Node": "llama_index.core.data_structs",
  "BaseEmbedding": "llama_index.core.embeddings",
  "MultiModalEmbedding": "llama_index.core.embeddings",
  "Pooling": "llama_index.core.embeddings",
  "resolve_embed_model": "llama_index.core.embeddings",
  "BaseEvaluator": "llama_index.core.evaluation",
  "AnswerRelevancyEvaluator": "llama_index.core.evaluation",
  "ContextRelevancyEvaluator": "llama_index.core.evaluation",
  "EvaluationResult": "llama_index.core.evaluation",
  "FaithfulnessEvaluator": "llama_index.core.evaluation",
  "RelevancyEvaluator": "llama_index.core.evaluation",
  "RelevanceEvaluator": "llama_index.core.evaluation",
  "DatasetGenerator": "llama_index.core.evaluation",
  "QueryResponseDataset": "llama_index.core.evaluation",
  "GuidelineEvaluator": "llama_index.core.evaluation",
  "CorrectnessEvaluator": "llama_index.core.evaluation",
  "SemanticSimilarityEvaluator": "llama_index.core.evaluation",
  "PairwiseComparisonEvaluator": "llama_index.core.evaluation",
  "BatchEvalRunner": "llama_index.core.evaluation",
  "# legacy: kept for backward compatibilityQueryResponseEvaluator": "llama_index.core.evaluation",
  "ResponseEvaluator": "llama_index.core.evaluation",
  "# retrievalgenerate_qa_embedding_pairs": "llama_index.core.evaluation",
  "generate_question_context_pairs": "llama_index.core.evaluation",
  "EmbeddingQAFinetuneDataset": "llama_index.core.evaluation",
  "BaseRetrievalEvaluator": "llama_index.core.evaluation",
  "RetrievalEvalResult": "llama_index.core.evaluation",
  "RetrieverEvaluator": "llama_index.core.evaluation",
  "MultiModalRetrieverEvaluator": "llama_index.core.evaluation",
  "RetrievalMetricResult": "llama_index.core.evaluation",
  "resolve_metrics": "llama_index.core.evaluation",
  "HitRate": "llama_index.core.evaluation",
  "MRR": "llama_index.core.evaluation",
  "get_retrieval_results_df": "llama_index.core.evaluation",
  "LabelledQADataset": "llama_index.core.evaluation",
  "SummaryExtractor": "llama_index.core.extractors",
  "QuestionsAnsweredExtractor": "llama_index.core.extractors",
  "TitleExtractor": "llama_index.core.extractors",
  "KeywordExtractor": "llama_index.core.extractors",
  "BaseExtractor": "llama_index.core.extractors",
  "PydanticProgramExtractor": "llama_index.core.extractors",
  "SimpleGraphStore": "llama_index.core.graph_stores",
  "LabelledNode": "llama_index.core.graph_stores",
  "Relation": "llama_index.core.graph_stores",
  "EntityNode": "llama_index.core.graph_stores",
  "ChunkNode": "llama_index.core.graph_stores",
  "PropertyGraphStore": "llama_index.core.graph_stores",
  "SimplePropertyGraphStore": "llama_index.core.graph_stores",
  "SummaryIndex": "llama_index.core.indices",
  "PandasIndex": "llama_index.core.indices",
  "SQLStructStoreIndex": "llama_index.core.indices",
  "MultiModalVectorStoreIndex": "llama_index.core.indices",
  "EmptyIndex": "llama_index.core.indices",
  "# legacyGPTKnowledgeGraphIndex": "llama_index.core.indices",
  "GPTKeywordTableIndex": "llama_index.core.indices",
  "GPTPandasIndex": "llama_index.core.indices",
  "GPTSQLStructStoreIndex": "llama_index.core.indices",
  "GPTEmptyIndex": "llama_index.core.indices",
  "DocstoreStrategy": "llama_index.core.ingestion",
  "IngestionCache": "llama_index.core.ingestion",
  "IngestionPipeline": "llama_index.core.ingestion",
  "run_transformations": "llama_index.core.ingestion",
  "arun_transformations": "llama_index.core.ingestion",
  "BaseLlamaDataset": "llama_index.core.llama_dataset",
  "BaseLlamaDataExample": "llama_index.core.llama_dataset",
  "BaseLlamaExamplePrediction": "llama_index.core.llama_dataset",
  "BaseLlamaPredictionDataset": "llama_index.core.llama_dataset",
  "LabelledRagDataExample": "llama_index.core.llama_dataset",
  "LabelledRagDataset": "llama_index.core.llama_dataset",
  "LabeledRagDataExample": "llama_index.core.llama_dataset",
  "LabeledRagDataset": "llama_index.core.llama_dataset",
  "RagExamplePrediction": "llama_index.core.llama_dataset",
  "RagPredictionDataset": "llama_index.core.llama_dataset",
  "CreatedByType": "llama_index.core.llama_dataset",
  "CreatedBy": "llama_index.core.llama_dataset",
  "download_llama_dataset": "llama_index.core.llama_dataset",
  "EvaluatorExamplePrediction": "llama_index.core.llama_dataset",
  "EvaluatorPredictionDataset": "llama_index.core.llama_dataset",
  "LabeledEvaluatorDataset": "llama_index.core.llama_dataset",
  "LabelledEvaluatorDataset": "llama_index.core.llama_dataset",
  "LabelledEvaluatorDataExample": "llama_index.core.llama_dataset",
  "LabeledEvaluatorDataExample": "llama_index.core.llama_dataset",
  "LabelledPairwiseEvaluatorDataExample": "llama_index.core.llama_dataset",
  "LabelledPairwiseEvaluatorDataset": "llama_index.core.llama_dataset",
  "LabeledPairwiseEvaluatorDataExample": "llama_index.core.llama_dataset",
  "LabeledPairwiseEvaluatorDataset": "llama_index.core.llama_dataset",
  "PairwiseEvaluatorExamplePrediction": "llama_index.core.llama_dataset",
  "PairwiseEvaluatorPredictionDataset": "llama_index.core.llama_dataset",
  "BaseLlamaPack": "llama_index.core.llama_pack",
  "download_llama_pack": "llama_index.core.llama_pack",
  "CustomLLM": "llama_index.core.llms",
  "LLM": "llama_index.core.llms",
  "ChatMessage": "llama_index.core.llms",
  "ChatResponse": "llama_index.core.llms",
  "ChatResponseAsyncGen": "llama_index.core.llms",
  "ChatResponseGen": "llama_index.core.llms",
  "CompletionResponse": "llama_index.core.llms",
  "CompletionResponseAsyncGen": "llama_index.core.llms",
  "CompletionResponseGen": "llama_index.core.llms",
  "LLMMetadata": "llama_index.core.llms",
  "MessageRole": "llama_index.core.llms",
  "MockLLM": "llama_index.core.llms",
  "BaseMemory": "llama_index.core.memory",
  "ChatMemoryBuffer": "llama_index.core.memory",
  "ChatSummaryMemoryBuffer": "llama_index.core.memory",
  "SimpleComposableMemory": "llama_index.core.memory",
  "VectorMemory": "llama_index.core.memory",
  "MultiModalLLMMetadata": "llama_index.core.multi_modal_llms",
  "MultiModalLLM": "llama_index.core.multi_modal_llms",
  "TokenTextSplitter": "llama_index.core.node_parser",
  "SentenceSplitter": "llama_index.core.node_parser",
  "CodeSplitter": "llama_index.core.node_parser",
  "SimpleFileNodeParser": "llama_index.core.node_parser",
  "HTMLNodeParser": "llama_index.core.node_parser",
  "MarkdownNodeParser": "llama_index.core.node_parser",
  "JSONNodeParser": "llama_index.core.node_parser",
  "SentenceWindowNodeParser": "llama_index.core.node_parser",
  "SemanticSplitterNodeParser": "llama_index.core.node_parser",
  "SemanticDoubleMergingSplitterNodeParser": "llama_index.core.node_parser",
  "LanguageConfig": "llama_index.core.node_parser",
  "NodeParser": "llama_index.core.node_parser",
  "HierarchicalNodeParser": "llama_index.core.node_parser",
  "TextSplitter": "llama_index.core.node_parser",
  "MarkdownElementNodeParser": "llama_index.core.node_parser",
  "MetadataAwareTextSplitter": "llama_index.core.node_parser",
  "LangchainNodeParser": "llama_index.core.node_parser",
  "UnstructuredElementNodeParser": "llama_index.core.node_parser",
  "get_leaf_nodes": "llama_index.core.node_parser",
  "get_root_nodes": "llama_index.core.node_parser",
  "get_child_nodes": "llama_index.core.node_parser",
  "get_deeper_nodes": "llama_index.core.node_parser",
  "LlamaParseJsonNodeParser": "llama_index.core.node_parser",
  "# deprecated": "llama_index.core.node_parser",
  "for backwards compatibilitySimpleNodeParser": "llama_index.core.node_parser",
  "ObjectRetriever": "llama_index.core.objects",
  "ObjectIndex": "llama_index.core.objects",
  "SimpleObjectNodeMapping": "llama_index.core.objects",
  "SimpleToolNodeMapping": "llama_index.core.objects",
  "SimpleQueryToolNodeMapping": "llama_index.core.objects",
  "SQLTableNodeMapping": "llama_index.core.objects",
  "SQLTableSchema": "llama_index.core.objects",
  "ChainableOutputParser": "llama_index.core.output_parsers",
  "LangchainOutputParser": "llama_index.core.output_parsers",
  "PydanticOutputParser": "llama_index.core.output_parsers",
  "SelectionOutputParser": "llama_index.core.output_parsers",
  "Playground": "llama_index.core.playground",
  "DEFAULT_INDEX_CLASSES": "llama_index.core.playground",
  "DEFAULT_MODES": "llama_index.core.playground",
  "SimilarityPostprocessor": "llama_index.core.postprocessor",
  "KeywordNodePostprocessor": "llama_index.core.postprocessor",
  "PrevNextNodePostprocessor": "llama_index.core.postprocessor",
  "AutoPrevNextNodePostprocessor": "llama_index.core.postprocessor",
  "FixedRecencyPostprocessor": "llama_index.core.postprocessor",
  "EmbeddingRecencyPostprocessor": "llama_index.core.postprocessor",
  "TimeWeightedPostprocessor": "llama_index.core.postprocessor",
  "PIINodePostprocessor": "llama_index.core.postprocessor",
  "NERPIINodePostprocessor": "llama_index.core.postprocessor",
  "LLMRerank": "llama_index.core.postprocessor",
  "SentenceEmbeddingOptimizer": "llama_index.core.postprocessor",
  "SentenceTransformerRerank": "llama_index.core.postprocessor",
  "MetadataReplacementPostProcessor": "llama_index.core.postprocessor",
  "LongContextReorder": "llama_index.core.postprocessor",
  "BasePydanticProgram": "llama_index.core.program",
  "LLMTextCompletionProgram": "llama_index.core.program",
  "MultiModalLLMCompletionProgram": "llama_index.core.program",
  "FunctionCallingProgram": "llama_index.core.program",
  "LangchainPromptTemplate": "llama_index.core.prompts",
  "PromptType": "llama_index.core.prompts",
  "display_prompt_dict": "llama_index.core.prompts",
  "CitationQueryEngine": "llama_index.core.query_engine",
  "CogniswitchQueryEngine": "llama_index.core.query_engine",
  "ComposableGraphQueryEngine": "llama_index.core.query_engine",
  "RetrieverQueryEngine": "llama_index.core.query_engine",
  "TransformQueryEngine": "llama_index.core.query_engine",
  "MultiStepQueryEngine": "llama_index.core.query_engine",
  "RouterQueryEngine": "llama_index.core.query_engine",
  "RetrieverRouterQueryEngine": "llama_index.core.query_engine",
  "ToolRetrieverRouterQueryEngine": "llama_index.core.query_engine",
  "SubQuestionQueryEngine": "llama_index.core.query_engine",
  "SubQuestionAnswerPair": "llama_index.core.query_engine",
  "SQLJoinQueryEngine": "llama_index.core.query_engine",
  "SQLAutoVectorQueryEngine": "llama_index.core.query_engine",
  "RetryQueryEngine": "llama_index.core.query_engine",
  "RetrySourceQueryEngine": "llama_index.core.query_engine",
  "RetryGuidelineQueryEngine": "llama_index.core.query_engine",
  "FLAREInstructQueryEngine": "llama_index.core.query_engine",
  "PandasQueryEngine": "llama_index.core.query_engine",
  "JSONalyzeQueryEngine": "llama_index.core.query_engine",
  "KnowledgeGraphQueryEngine": "llama_index.core.query_engine",
  "BaseQueryEngine": "llama_index.core.query_engine",
  "CustomQueryEngine": "llama_index.core.query_engine",
  "# multimodalSimpleMultiModalQueryEngine": "llama_index.core.query_engine",
  "# SQLSQLTableRetrieverQueryEngine": "llama_index.core.query_engine",
  "NLSQLTableQueryEngine": "llama_index.core.query_engine",
  "PGVectorSQLQueryEngine": "llama_index.core.query_engine",
  "AgentFnComponent": "llama_index.core.query_pipeline",
  "AgentInputComponent": "llama_index.core.query_pipeline",
  "ArgPackComponent": "llama_index.core.query_pipeline",
  "FnComponent": "llama_index.core.query_pipeline",
  "FunctionComponent": "llama_index.core.query_pipeline",
  "InputComponent": "llama_index.core.query_pipeline",
  "RouterComponent": "llama_index.core.query_pipeline",
  "ToolRunnerComponent": "llama_index.core.query_pipeline",
  "QueryPipeline": "llama_index.core.query_pipeline",
  "CustomAgentComponent": "llama_index.core.query_pipeline",
  "QueryComponent": "llama_index.core.query_pipeline",
  "Link": "llama_index.core.query_pipeline",
  "ChainableMixin": "llama_index.core.query_pipeline",
  "CustomQueryComponent": "llama_index.core.query_pipeline",
  "StatefulFnComponent": "llama_index.core.query_pipeline",
  "LoopComponent": "llama_index.core.query_pipeline",
  "LLMQuestionGenerator": "llama_index.core.question_gen",
  "SubQuestionOutputParser": "llama_index.core.question_gen",
  "FileSystemReaderMixin": "llama_index.core.readers",
  "ReaderConfig": "llama_index.core.readers",
  "StringIterableReader": "llama_index.core.readers",
  "ResponseMode": "llama_index.core.response_synthesizers",
  "BaseSynthesizer": "llama_index.core.response_synthesizers",
  "SynthesizerComponent": "llama_index.core.response_synthesizers",
  "Refine": "llama_index.core.response_synthesizers",
  "SimpleSummarize": "llama_index.core.response_synthesizers",
  "TreeSummarize": "llama_index.core.response_synthesizers",
  "Generation": "llama_index.core.response_synthesizers",
  "CompactAndRefine": "llama_index.core.response_synthesizers",
  "Accumulate": "llama_index.core.response_synthesizers",
  "VectorIndexRetriever": "llama_index.core.retrievers",
  "VectorIndexAutoRetriever": "llama_index.core.retrievers",
  "SummaryIndexRetriever": "llama_index.core.retrievers",
  "SummaryIndexEmbeddingRetriever": "llama_index.core.retrievers",
  "SummaryIndexLLMRetriever": "llama_index.core.retrievers",
  "KGTableRetriever": "llama_index.core.retrievers",
  "KnowledgeGraphRAGRetriever": "llama_index.core.retrievers",
  "EmptyIndexRetriever": "llama_index.core.retrievers",
  "TreeAllLeafRetriever": "llama_index.core.retrievers",
  "TreeSelectLeafEmbeddingRetriever": "llama_index.core.retrievers",
  "TreeSelectLeafRetriever": "llama_index.core.retrievers",
  "TreeRootRetriever": "llama_index.core.retrievers",
  "TransformRetriever": "llama_index.core.retrievers",
  "KeywordTableSimpleRetriever": "llama_index.core.retrievers",
  "BaseRetriever": "llama_index.core.retrievers",
  "RecursiveRetriever": "llama_index.core.retrievers",
  "AutoMergingRetriever": "llama_index.core.retrievers",
  "RouterRetriever": "llama_index.core.retrievers",
  "BM25Retriever": "llama_index.core.retrievers",
  "QueryFusionRetriever": "llama_index.core.retrievers",
  "# property graphBasePGRetriever": "llama_index.core.retrievers",
  "PGRetriever": "llama_index.core.retrievers",
  "CustomPGRetriever": "llama_index.core.retrievers",
  "LLMSynonymRetriever": "llama_index.core.retrievers",
  "CypherTemplateRetriever": "llama_index.core.retrievers",
  "TextToCypherRetriever": "llama_index.core.retrievers",
  "VectorContextRetriever": "llama_index.core.retrievers",
  "# SQLSQLRetriever": "llama_index.core.retrievers",
  "NLSQLRetriever": "llama_index.core.retrievers",
  "SQLParserMode": "llama_index.core.retrievers",
  "# legacyListIndexEmbeddingRetriever": "llama_index.core.retrievers",
  "ListIndexRetriever": "llama_index.core.retrievers",
  "# imageBaseImageRetriever": "llama_index.core.retrievers",
  "LLMSingleSelector": "llama_index.core.selectors",
  "LLMMultiSelector": "llama_index.core.selectors",
  "EmbeddingSingleSelector": "llama_index.core.selectors",
  "PydanticSingleSelector": "llama_index.core.selectors",
  "PydanticMultiSelector": "llama_index.core.selectors",
  "BaseTool": "llama_index.core.tools",
  "adapt_to_async_tool": "llama_index.core.tools",
  "AsyncBaseTool": "llama_index.core.tools",
  "QueryEngineTool": "llama_index.core.tools",
  "RetrieverTool": "llama_index.core.tools",
  "ToolMetadata": "llama_index.core.tools",
  "ToolOutput": "llama_index.core.tools",
  "FunctionTool": "llama_index.core.tools",
  "QueryPlanTool": "llama_index.core.tools",
  "download_tool": "llama_index.core.tools",
  "ToolSelection": "llama_index.core.tools",
  "call_tool_with_selection": "llama_index.core.tools",
  "acall_tool_with_selection": "llama_index.core.tools",
  "VectorStoreQuery": "llama_index.core.vector_stores",
  "VectorStoreQueryResult": "llama_index.core.vector_stores",
  "MetadataFilters": "llama_index.core.vector_stores",
  "MetadataFilter": "llama_index.core.vector_stores",
  "MetadataInfo": "llama_index.core.vector_stores",
  "ExactMatchFilter": "llama_index.core.vector_stores",
  "FilterCondition": "llama_index.core.vector_stores",
  "FilterOperator": "llama_index.core.vector_stores",
  "SimpleVectorStore": "llama_index.core.vector_stores",
  "VectorStoreInfo": "llama_index.core.vector_stores",
  "AutoMergingRetrieverPack": "llama_index.packs.auto_merging_retriever",
  "ChainOfTablePack": "llama_index.packs.tables",
  "MixSelfConsistencyPack": "llama_index.packs.tables",
  "upgrade_dir": "llama_index.cli.new_package",
  "upgrade_file": "llama_index.cli.new_package",
  "RagCLI": "llama_index.cli.rag",
  "default_ragcli_persist_dir": "llama_index.cli.rag",
  "ContributorClient": "llama_index.networks",
  "ContributorClientSettings": "llama_index.networks",
  "ContributorService": "llama_index.networks",
  "ContributorServiceSettings": "llama_index.networks",
  "NetworkQueryEngine": "llama_index.networks",
  "NetworkRetriever": "llama_index.networks",
  "ParamTuner": "llama_index.experimental",
  "BaseParamTuner": "llama_index.experimental.param_tuner",
  "AsyncParamTuner": "llama_index.experimental.param_tuner",
  "RayTuneParamTuner": "llama_index.experimental.param_tuner",
  "PandasInstructionParser": "llama_index.experimental.query_engine",
  "OpenAIFinetuneEngine": "llama_index.finetuning",
  "generate_qa_embedding_pairs": "llama_index.finetuning",
  "SentenceTransformersFinetuneEngine": "llama_index.finetuning",
  "EmbeddingAdapterFinetuneEngine": "llama_index.finetuning",
  "generate_cohere_reranker_finetuning_dataset": "llama_index.finetuning",
  "CohereRerankerFinetuneEngine": "llama_index.finetuning",
  "MistralAIFinetuneEngine": "llama_index.finetuning",
  "BaseFinetuningHandler": "llama_index.finetuning.callbacks",
  "OpenAIFineTuningHandler": "llama_index.finetuning.callbacks",
  "MistralAIFineTuningHandler": "llama_index.finetuning.callbacks",
  "CrossEncoderFinetuneEngine": "llama_index.finetuning.cross_encoders",
  "CohereRerankerFinetuneDataset": "llama_index.finetuning.rerankers",
  "SingleStoreVectorStore": "llama_index.vector_stores.singlestoredb",
  "QdrantVectorStore": "llama_index.vector_stores.qdrant",
  "PineconeVectorStore": "llama_index.vector_stores.pinecone",
  "AWSDocDbVectorStore": "llama_index.vector_stores.awsdocdb",
  "DuckDBVectorStore": "llama_index.vector_stores.duckdb",
  "SupabaseVectorStore": "llama_index.vector_stores.supabase",
  "UpstashVectorStore": "llama_index.vector_stores.upstash",
  "LanceDBVectorStore": "llama_index.vector_stores.lancedb",
  "AsyncBM25Strategy": "llama_index.vector_stores.elasticsearch",
  "AsyncDenseVectorStrategy": "llama_index.vector_stores.elasticsearch",
  "AsyncRetrievalStrategy": "llama_index.vector_stores.elasticsearch",
  "AsyncSparseVectorStrategy": "llama_index.vector_stores.elasticsearch",
  "ElasticsearchStore": "llama_index.vector_stores.elasticsearch",
  "PGVectorStore": "llama_index.vector_stores.postgres",
  "VertexAIVectorStore": "llama_index.vector_stores.vertexaivectorsearch",
  "CassandraVectorStore": "llama_index.vector_stores.cassandra",
  "ZepVectorStore": "llama_index.vector_stores.zep",
  "RocksetVectorStore": "llama_index.vector_stores.rocksetdb",
  "MyScaleVectorStore": "llama_index.vector_stores.myscale",
  "KDBAIVectorStore": "llama_index.vector_stores.kdbai",
  "AlibabaCloudOpenSearchConfig": "llama_index.vector_stores.alibabacloud_opensearch",
  "AlibabaCloudOpenSearchStore": "llama_index.vector_stores.alibabacloud_opensearch",
  "TencentVectorDB": "llama_index.vector_stores.tencentvectordb",
  "CollectionParams": "llama_index.vector_stores.tencentvectordb",
  "MilvusVectorStore": "llama_index.vector_stores.milvus",
  "AnalyticDBVectorStore": "llama_index.vector_stores.analyticdb",
  "Neo4jVectorStore": "llama_index.vector_stores.neo4jvector",
  "DeepLakeVectorStore": "llama_index.vector_stores.deeplake",
  "CouchbaseVectorStore": "llama_index.vector_stores.couchbase",
  "CouchbaseSearchVectorStore": "llama_index.vector_stores.couchbase",
  "WeaviateVectorStore": "llama_index.vector_stores.weaviate",
  "BaiduVectorDB": "llama_index.vector_stores.baiduvectordb",
  "TableParams": "llama_index.vector_stores.baiduvectordb",
  "TableField": "llama_index.vector_stores.baiduvectordb",
  "TimescaleVectorStore": "llama_index.vector_stores.timescalevector",
  "TablestoreVectorStore": "llama_index.vector_stores.tablestore",
  "DashVectorStore": "llama_index.vector_stores.dashvector",
  "JaguarVectorStore": "llama_index.vector_stores.jaguar",
  "FaissVectorStore": "llama_index.vector_stores.faiss",
  "AzureAISearchVectorStore": "llama_index.vector_stores.azureaisearch",
  "CognitiveSearchVectorStore": "llama_index.vector_stores.azureaisearch",
  "IndexManagement": "llama_index.vector_stores.azureaisearch",
  "MetadataIndexFieldType": "llama_index.vector_stores.azureaisearch",
  "MongoDBAtlasVectorSearch": "llama_index.vector_stores.mongodb",
  "AstraDBVectorStore": "llama_index.vector_stores.astra_db",
  "ChromaVectorStore": "llama_index.vector_stores.chroma",
  "VearchVectorStore": "llama_index.vector_stores.vearch",
  "BagelVectorStore": "llama_index.vector_stores.bagel",
  "NeptuneAnalyticsVectorStore": "llama_index.vector_stores.neptune",
  "ClickHouseVectorStore": "llama_index.vector_stores.clickhouse",
  "TxtaiVectorStore": "llama_index.vector_stores.txtai",
  "EpsillaVectorStore": "llama_index.vector_stores.epsilla",
  "LanternVectorStore": "llama_index.vector_stores.lantern",
  "RelytVectorStore": "llama_index.vector_stores.relyt",
  "FirestoreVectorStore": "llama_index.vector_stores.firestore",
  "HologresVectorStore": "llama_index.vector_stores.hologres",
  "AwaDBVectorStore": "llama_index.vector_stores.awadb",
  "WordliftVectorStore": "llama_index.vector_stores.wordlift",
  "DatabricksVectorSearch": "llama_index.vector_stores.databricks",
  "AzureCosmosDBMongoDBVectorSearch": "llama_index.vector_stores.azurecosmosmongo",
  "TypesenseVectorStore": "llama_index.vector_stores.typesense",
  "PGVectoRsStore": "llama_index.vector_stores.pgvecto_rs",
  "OpensearchVectorStore": "llama_index.vector_stores.opensearch",
  "OpensearchVectorClient": "llama_index.vector_stores.opensearch",
  "TiDBVectorStore": "llama_index.vector_stores.tidbvector",
  "DocArrayInMemoryVectorStore": "llama_index.vector_stores.docarray",
  "DocArrayHnswVectorStore": "llama_index.vector_stores.docarray",
  "DynamoDBVectorStore": "llama_index.vector_stores.dynamodb",
  "TairVectorStore": "llama_index.vector_stores.tair",
  "RedisVectorStore": "llama_index.vector_stores.redis",
  "set_google_config": "llama_index.vector_stores.google",
  "GoogleVectorStore": "llama_index.vector_stores.google",
  "VespaVectorStore": "llama_index.vector_stores.vespa",
  "hybrid_template": "llama_index.vector_stores.vespa",
  "OceanBaseVectorStore": "llama_index.vector_stores.oceanbase",
  "DuckDBRetriever": "llama_index.retrievers.duckdb_retriever",
  "PathwayRetriever": "llama_index.retrievers.pathway",
  "AmazonKnowledgeBasesRetriever": "llama_index.retrievers.bedrock",
  "MongoDBAtlasBM25Retriever": "llama_index.retrievers.mongodb_atlas_bm25_retriever",
  "VideoDBRetriever": "llama_index.retrievers.videodb",
  "YouRetriever": "llama_index.retrievers.you",
  "DashScopeCloudIndex": "llama_index.indices.managed.dashscope",
  "DashScopeCloudRetriever": "llama_index.indices.managed.dashscope",
  "PostgresMLIndex": "llama_index.indices.managed.postgresml",
  "PostgresMLRetriever": "llama_index.indices.managed.postgresml",
  "LlamaCloudIndex": "llama_index.indices.managed.llama_cloud",
  "LlamaCloudRetriever": "llama_index.indices.managed.llama_cloud",
  "ColbertIndex": "llama_index.indices.managed.colbert",
  "VectaraIndex": "llama_index.indices.managed.vectara",
  "VectaraRetriever": "llama_index.indices.managed.vectara",
  "VectaraAutoRetriever": "llama_index.indices.managed.vectara",
  "GoogleIndex": "llama_index.indices.managed.google",
  "VertexAIIndex": "llama_index.indices.managed.vertexai",
  "VertexAIRetriever": "llama_index.indices.managed.vertexai",
  "SalesforceToolSpec": "llama_index.tools.salesforce",
  "PythonFileToolSpec": "llama_index.tools.python_file",
  "JinaToolSpec": "llama_index.tools.jina",
  "IonicShoppingToolSpec": "llama_index.tools.ionic_shopping",
  "TextToImageToolSpec": "llama_index.tools.text_to_image",
  "OpenAPIToolSpec": "llama_index.tools.openapi",
  "ShopifyToolSpec": "llama_index.tools.shopify",
  "MetaphorToolSpec": "llama_index.tools.metaphor",
  "ACTION_URL_TMPL": "llama_index.tools.zapier",
  "ZapierToolSpec": "llama_index.tools.zapier",
  "WikipediaToolSpec": "llama_index.tools.wikipedia",
  "GoogleCalendarToolSpec": "llama_index.tools.google",
  "GmailToolSpec": "llama_index.tools.google",
  "GoogleSearchToolSpec": "llama_index.tools.google",
  "QUERY_URL_TMPL": "llama_index.tools.google",
  "AzureTranslateToolSpec": "llama_index.tools.azure_translate",
  "MultionToolSpec": "llama_index.tools.multion",
  "DatabaseToolSpec": "llama_index.tools.database",
  "ChatGPTPluginToolSpec": "llama_index.tools.chatgpt_plugin",
  "Neo4jQueryToolSpec": "llama_index.tools.neo4j",
  "BingSearchToolSpec": "llama_index.tools.bing_search",
  "YahooFinanceToolSpec": "llama_index.tools.yahoo_finance",
  "ExaToolSpec": "llama_index.tools.exa",
  "DuckDuckGoSearchToolSpec": "llama_index.tools.duckduckgo",
  "CogniswitchToolSpec": "llama_index.tools.cogniswitch",
  "AzureCVToolSpec": "llama_index.tools.azure_cv",
  "CV_URL_TMPL": "llama_index.tools.azure_cv",
  "NotionToolSpec": "llama_index.tools.notion",
  "YelpToolSpec": "llama_index.tools.yelp",
  "FinanceAgentToolSpec": "llama_index.tools.finance",
  "OpenWeatherMapToolSpec": "llama_index.tools.weather",
  "BraveSearchToolSpec": "llama_index.tools.brave_search",
  "AzureSpeechToolSpec": "llama_index.tools.azure_speech",
  "WolframAlphaToolSpec": "llama_index.tools.wolfram_alpha",
  "SlackToolSpec": "llama_index.tools.slack",
  "LinkupToolSpec": "llama_index.tools.linkup_research",
  "TavilyToolSpec": "llama_index.tools.tavily_research",
  "ArxivToolSpec": "llama_index.tools.arxiv",
  "VectorDB": "llama_index.tools.vector_db",
  "VectorDBToolSpec": "llama_index.tools.vector_db",
  "AzureCodeInterpreterToolSpec": "llama_index.tools.azure_code_interpreter",
  "CodeInterpreterToolSpec": "llama_index.tools.code_interpreter",
  "WaiiToolSpec": "llama_index.tools.waii",
  "INVALID_URL_PROMPT": "llama_index.tools.requests",
  "RequestsToolSpec": "llama_index.tools.requests",
  "CassandraDatabaseToolSpec": "llama_index.tools.cassandra",
  "OpenAIImageGenerationToolSpec": "llama_index.tools.openai",
  "GraphQLToolSpec": "llama_index.tools.graphql",
  "PlaygroundsSubgraphConnectorToolSpec": "llama_index.tools.playgrounds",
  "PlaygroundsSubgraphInspectorToolSpec": "llama_index.tools.playgrounds",
  "DappierAIRecommendationsToolSpec": "llama_index.tools.dappier",
  "DappierRealTimeSearchToolSpec": "llama_index.tools.dappier",
  "ClipEmbedding": "llama_index.embeddings.clip",
  "AnyscaleEmbedding": "llama_index.embeddings.anyscale",
  "LLMRailsEmbedding": "llama_index.embeddings.llm_rails",
  "LLMRailsEmbeddings": "llama_index.embeddings.llm_rails",
  "OpenVINOEmbedding": "llama_index.embeddings.huggingface_openvino",
  "WatsonxEmbeddings": "llama_index.embeddings.ibm",
  "AdapterEmbeddingModel": "llama_index.embeddings.adapter",
  "LinearAdapterEmbeddingModel": "llama_index.embeddings.adapter",
  "BaseAdapter": "llama_index.embeddings.adapter",
  "LinearLayer": "llama_index.embeddings.adapter",
  "DatabricksEmbedding": "llama_index.embeddings.databricks",
  "TogetherEmbedding": "llama_index.embeddings.together",
  "NVIDIAEmbedding": "llama_index.embeddings.nvidia",
  "IpexLLMEmbedding": "llama_index.embeddings.ipex_llm",
  "VoyageEmbedding": "llama_index.embeddings.voyageai",
  "GradientEmbedding": "llama_index.embeddings.gradient",
  "DashScopeTextEmbeddingType": "llama_index.embeddings.dashscope",
  "DashScopeTextEmbeddingModels": "llama_index.embeddings.dashscope",
  "DashScopeBatchTextEmbeddingModels": "llama_index.embeddings.dashscope",
  "DashScopeEmbedding": "llama_index.embeddings.dashscope",
  "DashScopeMultiModalEmbeddingModels": "llama_index.embeddings.dashscope",
  "VertexTextEmbedding": "llama_index.embeddings.vertex",
  "VertexMultiModalEmbedding": "llama_index.embeddings.vertex",
  "VertexEmbeddingMode": "llama_index.embeddings.vertex",
  "HuggingFaceEmbedding": "llama_index.embeddings.huggingface",
  "HuggingFaceInferenceAPIEmbedding": "llama_index.embeddings.huggingface",
  "HuggingFaceInferenceAPIEmbeddings": "llama_index.embeddings.huggingface",
  "OllamaEmbedding": "llama_index.embeddings.ollama",
  "SageMakerEmbedding": "llama_index.embeddings.sagemaker_endpoint",
  "PremAIEmbeddings": "llama_index.embeddings.premai",
  "CloudflareEmbedding": "llama_index.embeddings.cloudflare_workersai",
  "LlamafileEmbedding": "llama_index.embeddings.llamafile",
  "AzureAIEmbeddingsModel": "llama_index.embeddings.azure_inference",
  "OpenAIEmbedding": "llama_index.embeddings.openai",
  "OpenAIEmbeddingMode": "llama_index.embeddings.openai",
  "OpenAIEmbeddingModelType": "llama_index.embeddings.openai",
  "OpenAIEmbeddingModeModel": "llama_index.embeddings.openai",
  "CohereEmbedding": "llama_index.embeddings.cohere",
  "LiteLLMEmbedding": "llama_index.embeddings.litellm",
  "AlephAlphaEmbedding": "llama_index.embeddings.alephalpha",
  "IntelEmbedding": "llama_index.embeddings.huggingface_optimum_intel",
  "JinaEmbedding": "llama_index.embeddings.jinaai",
  "NomicEmbedding": "llama_index.embeddings.nomic",
  "GeminiEmbedding": "llama_index.embeddings.gemini",
  "FastEmbedEmbedding": "llama_index.embeddings.fastembed",
  "FireworksEmbedding": "llama_index.embeddings.fireworks",
  "InstructorEmbedding": "llama_index.embeddings.instructor",
  "OptimumEmbedding": "llama_index.embeddings.huggingface_optimum",
  "DeepInfraEmbeddingModel": "llama_index.embeddings.deepinfra",
  "UpstageEmbedding": "llama_index.embeddings.upstage",
  "LangchainEmbedding": "llama_index.embeddings.langchain",
  "YandexGPTEmbedding": "llama_index.embeddings.yandexgpt",
  "GooglePaLMEmbedding": "llama_index.embeddings.google",
  "GoogleUnivSentEncoderEmbedding": "llama_index.embeddings.google",
  "MistralAIEmbedding": "llama_index.embeddings.mistralai",
  "BedrockEmbedding": "llama_index.embeddings.bedrock",
  "Models": "llama_index.embeddings.bedrock",
  "ClarifaiEmbedding": "llama_index.embeddings.clarifai",
  "ElasticsearchEmbedding": "llama_index.embeddings.elasticsearch",
  "AzureOpenAIEmbedding": "llama_index.embeddings.azure_openai",
  "AzureOpenAI": "llama_index.embeddings.azure_openai",
  "AsyncAzureOpenAI": "llama_index.embeddings.azure_openai",
  "MixedbreadAIEmbedding": "llama_index.embeddings.mixedbreadai",
  "EncodingFormat": "llama_index.embeddings.mixedbreadai",
  "TruncationStrategy": "llama_index.embeddings.mixedbreadai",
  "TextEmbeddingsInference": "llama_index.embeddings.text_embeddings_inference",
  "OCIGenAIEmbeddings": "llama_index.embeddings.oci_genai",
  "NebiusEmbedding": "llama_index.embeddings.nebius",
  "DashScopeJsonNodeParser": "llama_index.node_parser.dashscope",
  "UpTrainCallbackHandler": "llama_index.callbacks.uptrain",
  "deepeval_callback_handler": "llama_index.callbacks.deepeval",
  "OpenInferenceCallbackHandler": "llama_index.callbacks.openinference",
  "WandbCallbackHandler": "llama_index.callbacks.wandb",
  "argilla_callback_handler": "llama_index.callbacks.argilla",
  "honeyhive_callback_handler": "llama_index.callbacks.honeyhive",
  "langfuse_callback_handler": "llama_index.callbacks.langfuse",
  "arize_phoenix_callback_handler": "llama_index.callbacks.arize_phoenix",
  "AimCallback": "llama_index.callbacks.aim",
  "AgentOpsHandler": "llama_index.callbacks.agentops",
  "PromptLayerHandler": "llama_index.callbacks.promptlayer",
  "JinaRerank": "llama_index.postprocessor.jinaai_rerank",
  "ColbertRerank": "llama_index.postprocessor.colbert_rerank",
  "VoyageAIRerank": "llama_index.postprocessor.voyageai_rerank",
  "LongLLMLinguaPostprocessor": "llama_index.postprocessor.longllmlingua",
  "RankGPTRerank": "llama_index.postprocessor.rankgpt_rerank",
  "OpenVINORerank": "llama_index.postprocessor.openvino_rerank",
  "CohereRerank": "llama_index.postprocessor.cohere_rerank",
  "PresidioPIINodePostprocessor": "llama_index.postprocessor.presidio",
  "FlagEmbeddingReranker": "llama_index.postprocessor.flag_embedding_reranker",
  "MixedbreadAIRerank": "llama_index.postprocessor.mixedbreadai_rerank",
  "NVIDIARerank": "llama_index.postprocessor.nvidia_rerank",
  "DashScopeRerank": "llama_index.postprocessor.dashscope_rerank",
  "RankLLMRerank": "llama_index.postprocessor.rankllm_rerank",
  "NeptuneAnalyticsGraphStore": "llama_index.graph_stores.neptune",
  "NeptuneDatabaseGraphStore": "llama_index.graph_stores.neptune",
  "TiDBGraphStore": "llama_index.graph_stores.tidb",
  "TiDBPropertyGraphStore": "llama_index.graph_stores.tidb",
  "Neo4jGraphStore": "llama_index.graph_stores.neo4j",
  "Neo4jPGStore": "llama_index.graph_stores.neo4j",
  "Neo4jPropertyGraphStore": "llama_index.graph_stores.neo4j",
  "FalkorDBGraphStore": "llama_index.graph_stores.falkordb",
  "KuzuGraphStore": "llama_index.graph_stores.kuzu",
  "NebulaGraphStore": "llama_index.graph_stores.nebula",
  "NebulaPropertyGraphStore": "llama_index.graph_stores.nebula",
  "OpenAIMultiModal": "llama_index.multi_modal_llms.openai",
  "OllamaMultiModal": "llama_index.multi_modal_llms.ollama",
  "AzureOpenAIMultiModal": "llama_index.multi_modal_llms.azure_openai",
  "ReplicateMultiModal": "llama_index.multi_modal_llms.replicate",
  "GeminiMultiModal": "llama_index.multi_modal_llms.gemini",
  "AnthropicMultiModal": "llama_index.multi_modal_llms.anthropic",
  "DashScopeMultiModal": "llama_index.multi_modal_llms.dashscope",
  "DashScopeMultiModalModels": "llama_index.multi_modal_llms.dashscope",
  "LLMCompilerAgentWorker": "llama_index.agent.llm_compiler",
  "OpenAIAgent": "llama_index.agent.openai",
  "OpenAIAgentWorker": "llama_index.agent.openai",
  "OpenAIAssistantAgent": "llama_index.agent.openai",
  "advanced_tool_call_parser": "llama_index.agent.openai",
  "ContextRetrieverOpenAIAgent": "llama_index.agent.openai_legacy",
  "BaseOpenAIAgent": "llama_index.agent.openai_legacy",
  "FnRetrieverOpenAIAgent": "llama_index.agent.openai_legacy",
  "DashScopeAgent": "llama_index.agent.dashscope",
  "IntrospectiveAgentWorker": "llama_index.agent.introspective",
  "ToolInteractiveReflectionAgentWorker": "llama_index.agent.introspective",
  "SelfReflectionAgentWorker": "llama_index.agent.introspective",
  "LATSAgentWorker": "llama_index.agent.lats",
  "CoAAgentWorker": "llama_index.agent.coa",
  "PostgresKVStore": "llama_index.storage.kvstore.postgres",
  "AzureKVStore": "llama_index.storage.kvstore.azure",
  "RedisKVStore": "llama_index.storage.kvstore.redis",
  "TablestoreKVStore": "llama_index.storage.kvstore.tablestore",
  "FirestoreKVStore": "llama_index.storage.kvstore.firestore",
  "MongoDBKVStore": "llama_index.storage.kvstore.mongodb",
  "S3DBKVStore": "llama_index.storage.kvstore.s3",
  "ElasticsearchKVStore": "llama_index.storage.kvstore.elasticsearch",
  "DynamoDBKVStore": "llama_index.storage.kvstore.dynamodb",
  "DynamoDBDocumentStore": "llama_index.storage.docstore.dynamodb",
  "ElasticsearchDocumentStore": "llama_index.storage.docstore.elasticsearch",
  "MongoDocumentStore": "llama_index.storage.docstore.mongodb",
  "FirestoreDocumentStore": "llama_index.storage.docstore.firestore",
  "RedisDocumentStore": "llama_index.storage.docstore.redis",
  "TablestoreDocumentStore": "llama_index.storage.docstore.tablestore",
  "AzureDocumentStore": "llama_index.storage.docstore.azure",
  "PostgresDocumentStore": "llama_index.storage.docstore.postgres",
  "PostgresIndexStore": "llama_index.storage.index_store.postgres",
  "DynamoDBIndexStore": "llama_index.storage.index_store.dynamodb",
  "ElasticsearchIndexStore": "llama_index.storage.index_store.elasticsearch",
  "FirestoreIndexStore": "llama_index.storage.index_store.firestore",
  "MongoIndexStore": "llama_index.storage.index_store.mongodb",
  "AzureIndexStore": "llama_index.storage.index_store.azure",
  "RedisIndexStore": "llama_index.storage.index_store.redis",
  "TablestoreIndexStore": "llama_index.storage.index_store.tablestore",
  "RedisChatStore": "llama_index.storage.chat_store.redis",
  "TablestoreChatStore": "llama_index.storage.chat_store.tablestore",
  "AzureChatStore": "llama_index.storage.chat_store.azure",
  "GuardrailsOutputParser": "llama_index.output_parsers.guardrails",
  "OpenAIPydanticProgram": "llama_index.program.openai",
  "LMFormatEnforcerPydanticProgram": "llama_index.program.lmformatenforcer",
  "GuidancePydanticProgram": "llama_index.program.guidance",
  "BaseEvaporateProgram": "llama_index.program.evaporate",
  "DFEvaporateProgram": "llama_index.program.evaporate",
  "GoogleTextSynthesizer": "llama_index.response_synthesizers.google",
  "SynthesizedResponse": "llama_index.response_synthesizers.google",
  "AnswerConsistencyEvaluator": "llama_index.evaluation.tonic_validate",
  "AnswerConsistencyBinaryEvaluator": "llama_index.evaluation.tonic_validate",
  "AnswerSimilarityEvaluator": "llama_index.evaluation.tonic_validate",
  "AugmentationAccuracyEvaluator": "llama_index.evaluation.tonic_validate",
  "AugmentationPrecisionEvaluator": "llama_index.evaluation.tonic_validate",
  "RetrievalPrecisionEvaluator": "llama_index.evaluation.tonic_validate",
  "TonicValidateEvaluator": "llama_index.evaluation.tonic_validate",
  "LlamaParse": "llama_index.readers.llama_parse",
  "GCSReader": "llama_index.readers.gcs",
  "DocugamiReader": "llama_index.readers.docugami",
  "SlackReader": "llama_index.readers.slack",
  "YoutubeTranscriptReader": "llama_index.readers.youtube_transcript",
  "MboxReader": "llama_index.readers.mbox",
  "StackoverflowReader": "llama_index.readers.stackoverflow",
  "PdbAbstractReader": "llama_index.readers.pdb",
  "SnowflakeReader": "llama_index.readers.snowflake",
  "DiscordReader": "llama_index.readers.discord",
  "EarningsCallTranscript": "llama_index.readers.earnings_call_transcript",
  "SimpleCouchDBReader": "llama_index.readers.couchdb",
  "SingleStoreReader": "llama_index.readers.singlestore",
  "JSONReader": "llama_index.readers.json",
  "TrelloReader": "llama_index.readers.trello",
  "JaguarReader": "llama_index.readers.jaguar",
  "JiraReader": "llama_index.readers.jira",
  "PDFTableReader": "llama_index.readers.pdf_table",
  "KibelaReader": "llama_index.readers.kibela",
  "DashVectorReader": "llama_index.readers.dashvector",
  "BilibiliTranscriptReader": "llama_index.readers.bilibili",
  "SmartPDFLoader": "llama_index.readers.smart_pdf_loader",
  "AgentSearchReader": "llama_index.readers.agent_search",
  "MacrometaGDNReader": "llama_index.readers.macrometa_gdn",
  "TwitterTweetReader": "llama_index.readers.twitter",
  "AstraDBReader": "llama_index.readers.astra_db",
  "OpendalReader": "llama_index.readers.opendal",
  "OpendalAzblobReader": "llama_index.readers.opendal",
  "OpendalGcsReader": "llama_index.readers.opendal",
  "OpendalS3Reader": "llama_index.readers.opendal",
  "AzStorageBlobReader": "llama_index.readers.azstorage_blob",
  "ReadwiseReader": "llama_index.readers.readwise",
  "GeniusReader": "llama_index.readers.genius",
  "ApifyActor": "llama_index.readers.apify",
  "ApifyDataset": "llama_index.readers.apify",
  "AthenaReader": "llama_index.readers.athena",
  "DatabaseReader": "llama_index.readers.database",
  "RemoteReader": "llama_index.readers.remote",
  "AsanaReader": "llama_index.readers.asana",
  "TogglReader": "llama_index.readers.toggl",
  "HiveReader": "llama_index.readers.hive",
  "DocstringWalker": "llama_index.readers.docstring_walker",
  "AirbyteSalesforceReader": "llama_index.readers.airbyte_salesforce",
  "PDFMarkerReader": "llama_index.readers.pdf_marker",
  "StripeDocsReader": "llama_index.readers.stripe_docs",
  "MilvusReader": "llama_index.readers.milvus",
  "PDFNougatOCR": "llama_index.readers.nougat_ocr",
  "AssemblyAIAudioTranscriptReader": "llama_index.readers.assemblyai",
  "TranscriptFormat": "llama_index.readers.assemblyai",
  "GraphDBCypherReader": "llama_index.readers.graphdb_cypher",
  "ConfluenceReader": "llama_index.readers.confluence",
  "LilacReader": "llama_index.readers.lilac",
  "GithubClient": "llama_index.readers.github",
  "GithubRepositoryReader": "llama_index.readers.github",
  "GitHubRepositoryCollaboratorsReader": "llama_index.readers.github",
  "GitHubCollaboratorsClient": "llama_index.readers.github",
  "GitHubRepositoryIssuesReader": "llama_index.readers.github",
  "GitHubIssuesClient": "llama_index.readers.github",
  "WikipediaReader": "llama_index.readers.wikipedia",
  "SimpleMongoReader": "llama_index.readers.mongodb",
  "IcebergReader": "llama_index.readers.iceberg",
  "NotionPageReader": "llama_index.readers.notion",
  "WordpressReader": "llama_index.readers.wordpress",
  "AirbyteTypeformReader": "llama_index.readers.airbyte_typeform",
  "AirbyteZendeskSupportReader": "llama_index.readers.airbyte_zendesk_support",
  "FirestoreReader": "llama_index.readers.firestore",
  "OutlookLocalCalendarReader": "llama_index.readers.microsoft_outlook",
  "S3Reader": "llama_index.readers.s3",
  "SemanticScholarReader": "llama_index.readers.semanticscholar",
  "WordLiftLoader": "llama_index.readers.wordlift",
  "SpotifyReader": "llama_index.readers.spotify",
  "AirbyteCDKReader": "llama_index.readers.airbyte_cdk",
  "QdrantReader": "llama_index.readers.qdrant",
  "FeedlyRssReader": "llama_index.readers.feedly_rss",
  "AirbyteShopifyReader": "llama_index.readers.airbyte_shopify",
  "ElasticsearchReader": "llama_index.readers.elasticsearch",
  "RayyanReader": "llama_index.readers.rayyan",
  "FirebaseRealtimeDatabaseReader": "llama_index.readers.firebase_realtimedb",
  "PebbloSafeReader": "llama_index.readers.pebblo",
  "RemoteDepthReader": "llama_index.readers.remote_depth",
  "MakeWrapper": "llama_index.readers.make_com",
  "SimpleArangoDBReader": "llama_index.readers.arango_db",
  "MangaDexReader": "llama_index.readers.mangadex",
  "IntercomReader": "llama_index.readers.intercom",
  "AirbyteGongReader": "llama_index.readers.airbyte_gong",
  "RedditReader": "llama_index.readers.reddit",
  "FaissReader": "llama_index.readers.faiss",
  "DadJokesReader": "llama_index.readers.dad_jokes",
  "PatentsviewReader": "llama_index.readers.patentsview",
  "MyScaleReader": "llama_index.readers.myscale",
  "escape_str": "llama_index.readers.myscale",
  "format_list_to_string": "llama_index.readers.myscale",
  "GuruReader": "llama_index.readers.guru",
  "LinearReader": "llama_index.readers.linear",
  "TelegramReader": "llama_index.readers.telegram",
  "SteamshipFileReader": "llama_index.readers.steamship",
  "OpenMap": "llama_index.readers.maps",
  "PathwayReader": "llama_index.readers.pathway",
  "AirbyteHubspotReader": "llama_index.readers.airbyte_hubspot",
  "HatenaBlogReader": "llama_index.readers.hatena_blog",
  "SECFilingsLoader": "llama_index.readers.sec_filings",
  "JoplinReader": "llama_index.readers.joplin",
  "LINK_NOTE_TEMPLATE": "llama_index.readers.joplin",
  "GraphQLReader": "llama_index.readers.graphql",
  "BagelReader": "llama_index.readers.bagel",
  "PreprocessReader": "llama_index.readers.preprocess",
  "GoogleDocsReader": "llama_index.readers.google",
  "GoogleSheetsReader": "llama_index.readers.google",
  "GoogleCalendarReader": "llama_index.readers.google",
  "GoogleDriveReader": "llama_index.readers.google",
  "GmailReader": "llama_index.readers.google",
  "GoogleKeepReader": "llama_index.readers.google",
  "GoogleMapsTextSearchReader": "llama_index.readers.google",
  "GoogleChatReader": "llama_index.readers.google",
  "FeishuDocsReader": "llama_index.readers.feishu_docs",
  "CouchbaseReader": "llama_index.readers.couchbase",
  "OpenAlexReader": "llama_index.readers.openalex",
  "DashScopeParse": "llama_index.readers.dashscope",
  "ResultType": "llama_index.readers.dashscope",
  "TxtaiReader": "llama_index.readers.txtai",
  "AzCognitiveSearchReader": "llama_index.readers.azcognitive_search",
  "PandasAIReader": "llama_index.readers.pandas_ai",
  "AirtableReader": "llama_index.readers.airtable",
  "ZulipReader": "llama_index.readers.zulip",
  "ReadmeReader": "llama_index.readers.readme",
  "ZendeskReader": "llama_index.readers.zendesk",
  "BitbucketReader": "llama_index.readers.bitbucket",
  "AsyncWebPageReader": "llama_index.readers.web",
  "BeautifulSoupWebReader": "llama_index.readers.web",
  "BrowserbaseWebReader": "llama_index.readers.web",
  "FireCrawlWebReader": "llama_index.readers.web",
  "KnowledgeBaseWebReader": "llama_index.readers.web",
  "MainContentExtractorReader": "llama_index.readers.web",
  "NewsArticleReader": "llama_index.readers.web",
  "ReadabilityWebPageReader": "llama_index.readers.web",
  "RssReader": "llama_index.readers.web",
  "RssNewsReader": "llama_index.readers.web",
  "ScrapflyReader": "llama_index.readers.web",
  "SimpleWebPageReader": "llama_index.readers.web",
  "SitemapReader": "llama_index.readers.web",
  "SpiderWebReader": "llama_index.readers.web",
  "TrafilaturaWebReader": "llama_index.readers.web",
  "UnstructuredURLLoader": "llama_index.readers.web",
  "WholeSiteReader": "llama_index.readers.web",
  "HubspotReader": "llama_index.readers.hubspot",
  "DocxReader": "llama_index.readers.file",
  "HWPReader": "llama_index.readers.file",
  "PDFReader": "llama_index.readers.file",
  "EpubReader": "llama_index.readers.file",
  "FlatReader": "llama_index.readers.file",
  "HTMLTagReader": "llama_index.readers.file",
  "ImageCaptionReader": "llama_index.readers.file",
  "ImageReader": "llama_index.readers.file",
  "ImageVisionLLMReader": "llama_index.readers.file",
  "IPYNBReader": "llama_index.readers.file",
  "MarkdownReader": "llama_index.readers.file",
  "PptxReader": "llama_index.readers.file",
  "PandasCSVReader": "llama_index.readers.file",
  "PandasExcelReader": "llama_index.readers.file",
  "VideoAudioReader": "llama_index.readers.file",
  "UnstructuredReader": "llama_index.readers.file",
  "PyMuPDFReader": "llama_index.readers.file",
  "ImageTabularChartReader": "llama_index.readers.file",
  "XMLReader": "llama_index.readers.file",
  "PagedCSVReader": "llama_index.readers.file",
  "CSVReader": "llama_index.readers.file",
  "RTFReader": "llama_index.readers.file",
  "KalturaESearchReader": "llama_index.readers.kaltura_esearch",
  "AwadbReader": "llama_index.readers.awadb",
  "IMDBReviews": "llama_index.readers.imdb_review",
  "OpensearchReader": "llama_index.readers.opensearch",
  "SharePointReader": "llama_index.readers.microsoft_sharepoint",
  "MangoppsGuidesReader": "llama_index.readers.mangoapps_guides",
  "GPTRepoReader": "llama_index.readers.gpt_repo",
  "get_ignore_list": "llama_index.readers.gpt_repo",
  "process_repository": "llama_index.readers.gpt_repo",
  "should_ignore": "llama_index.readers.gpt_repo",
  "OneDriveReader": "llama_index.readers.microsoft_onedrive",
  "HuggingFaceFSReader": "llama_index.readers.huggingface_fs",
  "WeaviateReader": "llama_index.readers.weaviate",
  "DeepLakeReader": "llama_index.readers.deeplake",
  "StructuredDataReader": "llama_index.readers.structured_data",
  "WhatsappChatLoader": "llama_index.readers.whatsapp",
  "MondayReader": "llama_index.readers.mondaydotcom",
  "BoxReaderBase": "llama_index.readers.box",
  "BoxReader": "llama_index.readers.box",
  "BoxReaderTextExtraction": "llama_index.readers.box",
  "BoxReaderAIPrompt": "llama_index.readers.box",
  "BoxReaderAIExtract": "llama_index.readers.box",
  "AirbyteStripeReader": "llama_index.readers.airbyte_stripe",
  "ArxivReader": "llama_index.readers.papers",
  "PubmedReader": "llama_index.readers.papers",
  "ObsidianReader": "llama_index.readers.obsidian",
  "UpstageLayoutAnalysisReader": "llama_index.readers.upstage",
  "ZepReader": "llama_index.readers.zep",
  "MemosReader": "llama_index.readers.memos",
  "PsychicReader": "llama_index.readers.psychic",
  "ChromaReader": "llama_index.readers.chroma",
  "WeatherReader": "llama_index.readers.weather",
  "ChatGPTRetrievalPluginReader": "llama_index.readers.chatgpt_plugin",
  "MetalReader": "llama_index.readers.metal",
  "BoardDocsReader": "llama_index.readers.boarddocs",
  "GuidanceQuestionGenerator": "llama_index.question_gen.guidance",
  "OpenAIQuestionGenerator": "llama_index.question_gen.openai",
  "AlephAlpha": "llama_index.llms.alephalpha",
  "PaLM": "llama_index.llms.palm",
  "COHERE_QA_TEMPLATE": "llama_index.llms.cohere",
  "COHERE_REFINE_TEMPLATE": "llama_index.llms.cohere",
  "COHERE_TREE_SUMMARIZE_TEMPLATE": "llama_index.llms.cohere",
  "COHERE_REFINE_TABLE_CONTEXT_PROMPT": "llama_index.llms.cohere",
  "DocumentMessage": "llama_index.llms.cohere",
  "is_cohere_model": "llama_index.llms.cohere",
  "Cohere": "llama_index.llms.cohere",
  "NvidiaTriton": "llama_index.llms.nvidia_triton",
  "AI21": "llama_index.llms.ai21",
  "Bedrock": "llama_index.llms.bedrock",
  "completion_with_retry": "llama_index.llms.bedrock",
  "completion_response_to_chat_response": "llama_index.llms.bedrock",
  "HuggingFaceLLM": "llama_index.llms.huggingface",
  "HuggingFaceInferenceAPI": "llama_index.llms.huggingface",
  "SyncAzureOpenAI": "llama_index.llms.azure_openai",
  "DashScope": "llama_index.llms.dashscope",
  "DashScopeGenerationModels": "llama_index.llms.dashscope",
  "LocalTensorRTLLM": "llama_index.llms.nvidia_tensorrt",
  "Anthropic": "llama_index.llms.anthropic",
  "Gemini": "llama_index.llms.gemini",
  "Friendli": "llama_index.llms.friendli",
  "Clarifai": "llama_index.llms.clarifai",
  "LlamaAPI": "llama_index.llms.llama_api",
  "MyMagicAI": "llama_index.llms.mymagic",
  "LlamaCPP": "llama_index.llms.llama_cpp",
  "OptimumIntelLLM": "llama_index.llms.optimum_intel",
  "Perplexity": "llama_index.llms.perplexity",
  "Upstage": "llama_index.llms.upstage",
  "RunGptLLM": "llama_index.llms.rungpt",
  "AzureAICompletionsModel": "llama_index.llms.azure_inference",
  "ModelScopeLLM": "llama_index.llms.modelscope",
  "Yi": "llama_index.llms.yi",
  "Replicate": "llama_index.llms.replicate",
  "OpenAILike": "llama_index.llms.openai_like",
  "Llamafile": "llama_index.llms.llamafile",
  "Konko": "llama_index.llms.konko",
  "OpenLLM": "llama_index.llms.openllm",
  "OpenLLMAPI": "llama_index.llms.openllm",
  "LiteLLM": "llama_index.llms.litellm",
  "Databricks": "llama_index.llms.databricks",
  "SageMakerLLM": "llama_index.llms.sagemaker_endpoint",
  "Portkey": "llama_index.llms.portkey",
  "BedrockConverse": "llama_index.llms.bedrock_converse",
  "NVIDIA": "llama_index.llms.nvidia",
  "Vllm": "llama_index.llms.vllm",
  "VllmServer": "llama_index.llms.vllm",
  "Maritalk": "llama_index.llms.maritalk",
  "Groq": "llama_index.llms.groq",
  "Neutrino": "llama_index.llms.neutrino",
  "MonsterLLM": "llama_index.llms.monsterapi",
  "PredibaseLLM": "llama_index.llms.predibase",
  "OctoAI": "llama_index.llms.octoai",
  "OpenVINOLLM": "llama_index.llms.openvino",
  "DeepInfraLLM": "llama_index.llms.deepinfra",
  "Xinference": "llama_index.llms.xinference",
  "Fireworks": "llama_index.llms.fireworks",
  "WatsonxLLM": "llama_index.llms.ibm",
  "MistralAI": "llama_index.llms.mistralai",
  "Anyscale": "llama_index.llms.anyscale",
  "Vertex": "llama_index.llms.vertex",
  "MistralRS": "llama_index.llms.mistral_rs",
  "MLXLLM": "llama_index.llms.mlx",
  "LocalAI": "llama_index.llms.localai",
  "TogetherLLM": "llama_index.llms.together",
  "IpexLLM": "llama_index.llms.ipex_llm",
  "Ollama": "llama_index.llms.ollama",
  "Qianfan": "llama_index.llms.qianfan",
  "LangChainLLM": "llama_index.llms.langchain",
  "CleanlabTLM": "llama_index.llms.cleanlab",
  "OCIGenAI": "llama_index.llms.oci_genai",
  "EverlyAI": "llama_index.llms.everlyai",
  "PremAI": "llama_index.llms.premai",
  "OpenRouter": "llama_index.llms.openrouter",
  "You": "llama_index.llms.you",
  "OpenAI": "llama_index.llms.openai",
  "Tokenizer": "llama_index.llms.openai",
  "SyncOpenAI": "llama_index.llms.openai",
  "AsyncOpenAI": "llama_index.llms.openai",
  "LMStudio": "llama_index.llms.lmstudio",
  "Pipeshift": "llama_index.llms.pipeshift",
  "GradientBaseModelLLM": "llama_index.llms.gradient",
  "GradientModelAdapterLLM": "llama_index.llms.gradient",
  "NebiusLLM": "llama_index.llms.nebius",
  "EntityExtractor": "llama_index.extractors.entity",
  "MarvinMetadataExtractor": "llama_index.extractors.marvin",
  "WeaviateRetryEnginePack": "llama_index.packs.retry_engine_weaviate",
  "LlavaCompletionPack": "llama_index.packs.llava_completion",
  "ZephyrQueryEnginePack": "llama_index.packs.zephyr_query_engine",
  "TimescaleVectorAutoretrievalPack": "llama_index.packs.timescale_vector_autoretrieval",
  "CorrectiveRAGPack": "llama_index.packs.corrective_rag",
  "MultiDocumentAgentsPack": "llama_index.packs.multi_document_agents",
  "QueryUnderstandingAgentPack": "llama_index.packs.query_understanding_agent",
  "MultiDocAutoRetrieverPack": "llama_index.packs.multidoc_autoretrieval",
  "GmailOpenAIAgentPack": "llama_index.packs.gmail_openai_agent",
  "Neo4jQueryEnginePack": "llama_index.packs.neo4j_query_engine",
  "ChromaAutoretrievalPack": "llama_index.packs.chroma_autoretrieval",
  "ResumeScreenerPack": "llama_index.packs.resume_screener",
  "TruLensRAGTriadPack": "llama_index.packs.trulens_eval_packs",
  "TruLensHarmlessPack": "llama_index.packs.trulens_eval_packs",
  "TruLensHelpfulPack": "llama_index.packs.trulens_eval_packs",
  "EvaluatorBenchmarkerPack": "llama_index.packs.evaluator_benchmarker",
  "SecGPTPack": "llama_index.packs.secgpt",
  "MixtureOfAgentsPack": "llama_index.packs.mixture_of_agents",
  "RAGFusionPipelinePack": "llama_index.packs.rag_fusion_query_pipeline",
  "LlamaGuardModeratorPack": "llama_index.packs.llama_guard_moderator",
  "SnowflakeQueryEnginePack": "llama_index.packs.snowflake_query_engine",
  "SelfRAGPack": "llama_index.packs.self_rag",
  "SelfRAGQueryEngine": "llama_index.packs.self_rag",
  "SelfDiscoverPack": "llama_index.packs.self_discover",
  "RaptorPack": "llama_index.packs.raptor",
  "RaptorRetriever": "llama_index.packs.raptor",
  "LlamaDatasetMetadataPack": "llama_index.packs.llama_dataset_metadata",
  "ZenGuardPack": "llama_index.packs.zenguard",
  "ZenGuardConfig": "llama_index.packs.zenguard",
  "Detector": "llama_index.packs.zenguard",
  "Credentials": "llama_index.packs.zenguard",
  "SupportedLLMs": "llama_index.packs.zenguard",
  "StockMarketDataQueryEnginePack": "llama_index.packs.stock_market_data_query_engine",
  "RagEvaluatorPack": "llama_index.packs.rag_evaluator",
  "ArizePhoenixQueryEnginePack": "llama_index.packs.arize_phoenix_query_engine",
  "PanelChatPack": "llama_index.packs.panel_chatbot",
  "CodeHierarchyAgentPack": "llama_index.packs.code_hierarchy",
  "CodeHierarchyNodeParser": "llama_index.packs.code_hierarchy",
  "CodeHierarchyKeywordQueryEngine": "llama_index.packs.code_hierarchy",
  "LocalRAGCLIPack": "llama_index.packs.rag_cli_local",
  "MultiTenancyRAGPack": "llama_index.packs.multi_tenancy_rag",
  "StreamlitChatPack": "llama_index.packs.streamlit_chatbot",
  "VectaraRagPack": "llama_index.packs.vectara_rag",
  "CoAAgentPack": "llama_index.packs.agents_coa",
  "SemanticChunkingQueryEnginePack": "llama_index.packs.node_parser_semantic_chunking",
  "DenseXRetrievalPack": "llama_index.packs.dense_x_retrieval",
  "LLMCompilerAgentPack": "llama_index.packs.agents_llm_compiler",
  "GradioReActAgentPack": "llama_index.packs.gradio_react_agent_chatbot",
  "WeaviateSubQuestionPack": "llama_index.packs.sub_question_weaviate",
  "CohereCitationChatEnginePack": "llama_index.packs.cohere_citation_chat",
  "RAFTDatasetPack": "llama_index.packs.raft_dataset",
  "DeepMemoryRetrieverPack": "llama_index.packs.deeplake_deepmemory_retriever",
  "NebulaGraphQueryEnginePack": "llama_index.packs.nebulagraph_query_engine",
  "DiffPrivateSimpleDatasetPack": "llama_index.packs.diff_private_simple_dataset",
  "VoyageQueryEnginePack": "llama_index.packs.voyage_query_engine",
  "InferRetrieveRerankPack": "llama_index.packs.infer_retrieve_rerank",
  "LATSPack": "llama_index.packs.agents_lats",
  "KodaRetriever": "llama_index.packs.koda_retriever",
  "AlphaMatrix": "llama_index.packs.koda_retriever",
  "DEFAULT_CATEGORIES": "llama_index.packs.koda_retriever",
  "SentenceWindowRetrieverPack": "llama_index.packs.sentence_window_retriever",
  "EmbeddedTablesUnstructuredRetrieverPack": "llama_index.packs.recursive_retriever",
  "RecursiveRetrieverSmallToBigPack": "llama_index.packs.recursive_retriever",
  "AmazonProductExtractionPack": "llama_index.packs.amazon_product_extraction",
  "CogniswitchAgentPack": "llama_index.packs.cogniswitch_agent",
  "OllamaQueryEnginePack": "llama_index.packs.ollama_query_engine",
  "RAGatouilleRetrieverPack": "llama_index.packs.ragatouille_retriever",
  "FuzzyCitationEnginePack": "llama_index.packs.fuzzy_citation",
  "DeepLakeMultimodalRetrieverPack": "llama_index.packs.deeplake_multimodal_retrieval",
  "GradioAgentChatPack": "llama_index.packs.gradio_agent_chat",
  "AgentSearchRetriever": "llama_index.packs.agent_search_retriever",
  "AgentSearchRetrieverPack": "llama_index.packs.agent_search_retriever",
  "HybridFusionRetrieverPack": "llama_index.packs.fusion_retriever",
  "QueryRewritingRetrieverPack": "llama_index.packs.fusion_retriever",
  "BaseNode": "llama_index.core.schema",
  "TextNode": "llama_index.core.schema",
  "ImageNode": "llama_index.core.schema",
  "ImageDocument": "llama_index.core.schema",
  "NodeWithScore": "llama_index.core.schema",
  "run_jobs": "llama_index.core.async_utils",
  "DecomposeQueryTransform": "llama_index.core.query.query_transform.base",
  "get_eval_results": "llama_index.core.evaluation.eval_utils",
  "REPLICATE_MULTI_MODAL_LLM_MODELS": "llama_index.multi_modal_llms.replicate.base"
}
